snapshot_id,timestamp,trigger_type,mag,latitude,longitude,depth,event_id
snap_0000,2024-01-01 00:00:00+00:00,regular,,,,,
snap_0001,2024-01-01 07:06:05.477000+00:00,event,5.8,37.4933,137.2491,10.0,us6000m0xj
snap_0002,2024-01-01 07:10:09.476000+00:00,event,7.5,37.4874,137.271,10.0,us6000m0xl
snap_0003,2024-01-01 07:18:41.584000+00:00,event,6.2,37.1895,136.8272,10.0,us6000m0xm
snap_0004,2024-01-01 07:27:28.747000+00:00,event,4.6,37.3802,137.2254,10.0,us6000m34g
snap_0005,2024-01-01 07:28:15.144000+00:00,event,4.6,37.3496,136.8046,10.0,us6000m33l
snap_0006,2024-01-01 07:29:04.242000+00:00,event,4.7,37.4638,137.2642,10.997,us6000m34h
snap_0007,2024-01-01 07:32:19.623000+00:00,event,4.2,37.6053,137.573,10.0,us6000m33n
snap_0008,2024-01-01 07:32:43.786000+00:00,event,4.4,37.3707,137.0978,13.909,us6000m34f
snap_0009,2024-01-01 07:39:49.268000+00:00,event,5.2,37.4861,137.4519,10.0,us6000m0xn
snap_0010,2024-01-01 07:42:43.430000+00:00,event,4.8,37.4693,137.2483,9.896,us6000m33v
snap_0011,2024-01-01 07:48:14.335000+00:00,event,4.8,37.2779,136.8374,10.0,us6000m0xp
snap_0012,2024-01-01 07:54:21.406000+00:00,event,4.7,37.6242,137.5518,8.243,us6000m33m
snap_0013,2024-01-01 07:56:47.661000+00:00,event,5.6,37.2997,136.8875,10.0,us6000m0xt
snap_0014,2024-01-01 08:02:44.840000+00:00,event,5.0,37.5444,137.401,10.0,us6000m0xu
snap_0015,2024-01-01 08:07:10.627000+00:00,event,5.1,37.1718,136.6149,10.0,us6000m0xw
snap_0016,2024-01-01 08:15:38.177000+00:00,event,4.5,37.5918,137.3097,9.216,us6000m33y
snap_0017,2024-01-01 08:17:46.634000+00:00,event,4.8,37.5012,137.2009,10.0,us6000m0xx
snap_0018,2024-01-01 08:20:34.572000+00:00,event,4.3,37.5869,137.6196,10.682,us6000m34k
snap_0019,2024-01-01 08:22:10.846000+00:00,event,4.9,37.4631,137.2239,10.0,us6000m0xy
snap_0020,2024-01-01 08:29:02.262000+00:00,event,4.7,37.5787,137.5274,10.0,us6000m0y1
snap_0021,2024-01-01 08:42:04.871000+00:00,event,4.6,37.6483,137.6044,10.0,us6000m341
snap_0022,2024-01-01 09:03:48.859000+00:00,event,5.5,37.5339,137.4185,10.0,us6000m0y9
snap_0023,2024-01-01 09:06:13.801000+00:00,event,4.6,37.4672,137.4557,10.0,us6000m35b
snap_0024,2024-01-01 09:08:17.603000+00:00,event,5.6,37.5146,137.4029,10.0,us6000m0ya
snap_0025,2024-01-01 09:14:15.490000+00:00,event,4.2,37.4507,137.3198,9.917,us6000m342
snap_0026,2024-01-01 09:23:07.666000+00:00,event,4.4,37.52,137.3328,10.0,us6000m0yc
snap_0027,2024-01-01 09:25:26.703000+00:00,event,4.1,37.553,137.3241,10.092,us6000m345
snap_0028,2024-01-01 09:30:21.401000+00:00,event,5.2,37.4998,137.3585,10.0,us6000m0ye
snap_0029,2024-01-01 09:39:59.811000+00:00,event,5.0,37.1479,136.6562,10.0,us6000m0yf
snap_0030,2024-01-01 09:49:15.275000+00:00,event,4.6,37.5516,137.3728,10.0,us6000m0yh
snap_0031,2024-01-01 09:56:12.530000+00:00,event,4.3,37.3871,136.9994,10.0,us6000m343
snap_0032,2024-01-01 10:27:58.814000+00:00,event,4.2,37.45,137.1951,10.0,us6000m346
snap_0033,2024-01-01 10:50:35.645000+00:00,event,4.7,37.5375,137.2865,10.0,us6000m0yw
snap_0034,2024-01-01 11:21:26.376000+00:00,event,4.1,37.6531,137.5146,10.0,us6000m0yy
snap_0035,2024-01-01 11:34:20.527000+00:00,event,4.3,37.3111,136.9721,6.867,us6000m34a
snap_0036,2024-01-01 11:35:32.459000+00:00,event,4.6,37.1664,136.6946,10.0,us6000m0z3
snap_0037,2024-01-01 12:20:46.592000+00:00,event,4.2,37.4904,137.373,10.0,us6000m0z5
snap_0038,2024-01-01 12:48:31.795000+00:00,event,4.4,37.618,137.6781,10.0,us6000m0z9
snap_0039,2024-01-01 12:54:28.885000+00:00,event,4.3,37.1278,136.6582,10.0,us6000m0zj
snap_0040,2024-01-01 13:02:59.990000+00:00,event,4.3,37.2699,136.9525,10.0,us6000m34j
snap_0041,2024-01-01 13:10:57.324000+00:00,event,4.5,37.3826,137.1399,10.0,us6000m0zf
snap_0042,2024-01-01 14:19:28.904000+00:00,event,4.4,37.4903,137.4129,10.0,us6000m0zr
snap_0043,2024-01-01 15:08:36.228000+00:00,event,4.4,37.4953,137.3899,10.0,us6000m101
snap_0044,2024-01-01 17:33:30.185000+00:00,event,4.6,37.5711,137.4761,10.0,us6000m10e
snap_0045,2024-01-01 17:52:10.023000+00:00,event,4.2,37.211,136.851,10.0,us6000m10k
snap_0046,2024-01-01 18:29:38.901000+00:00,event,4.4,37.121,136.7825,10.0,us6000m10q
snap_0047,2024-01-01 19:27:14.289000+00:00,event,4.5,37.0652,136.6184,10.0,us6000m110
snap_0048,2024-01-01 19:42:06.006000+00:00,event,4.6,37.2247,136.6924,10.0,us6000m113
snap_0049,2024-01-01 21:47:54.141000+00:00,event,4.0,37.3845,137.1529,7.958,us6000m353
snap_0050,2024-01-01 22:13:30.239000+00:00,event,4.5,37.3362,136.9617,15.301,us6000m11s
snap_0051,2024-01-01 22:27:01.373000+00:00,event,4.3,37.4319,137.1121,10.0,us6000m11t
snap_0052,2024-01-02 00:01:34.148000+00:00,event,4.1,37.4545,136.9426,8.671,us6000m129
snap_0053,2024-01-02 00:14:23.837000+00:00,event,4.4,37.4192,137.2441,10.0,us6000m128
snap_0054,2024-01-02 01:17:31.568000+00:00,event,5.4,37.247,136.7689,6.0,us6000m12f
snap_0055,2024-01-02 06:57:54.621000+00:00,event,4.8,37.1828,136.7831,10.0,us6000m13h
snap_0056,2024-01-02 08:13:40.884000+00:00,event,4.6,37.1175,136.7367,7.453,us6000m13q
snap_0057,2024-01-02 09:29:35.927000+00:00,event,4.4,37.4619,137.2443,10.0,us6000m142
snap_0058,2024-01-02 09:50:20.248000+00:00,event,4.4,37.6834,137.5358,10.0,us6000m3an
snap_0059,2024-01-02 12:13:20.318000+00:00,event,4.4,37.267,137.0659,10.0,us6000m160
snap_0060,2024-01-02 17:21:47.368000+00:00,event,4.8,37.4797,137.3192,10.0,us6000m17v
snap_0061,2024-01-02 17:30:30.773000+00:00,event,4.2,37.4779,137.3268,10.0,us6000m182
snap_0062,2024-01-02 21:32:39.491000+00:00,event,4.3,37.2018,136.8443,10.0,us6000m1a4
snap_0063,2024-01-03 00:00:00+00:00,regular,,,,,
snap_0064,2024-01-03 01:54:34.243000+00:00,event,5.3,37.3466,136.9204,10.0,us6000m1bj
snap_0065,2024-01-03 02:48:27.840000+00:00,event,4.1,37.4095,137.337,11.819,us6000m3a8
snap_0066,2024-01-03 03:37:23.804000+00:00,event,4.0,37.2477,136.7204,10.0,us6000m3bg
snap_0067,2024-01-03 03:54:13.697000+00:00,event,4.9,37.6257,137.559,15.237,us6000m1bt
snap_0068,2024-01-03 04:04:31.753000+00:00,event,4.2,37.6306,137.493,12.714,us6000m3b4
snap_0069,2024-01-03 04:44:08.978000+00:00,event,4.2,37.5186,137.4428,9.781,us6000m3b7
snap_0070,2024-01-03 07:08:12.466000+00:00,event,4.1,37.2985,136.9617,10.746,us6000m1cd
snap_0071,2024-01-03 09:48:00.219000+00:00,event,4.7,37.3248,136.9172,10.0,us6000m1dz
snap_0072,2024-01-03 10:42:14.323000+00:00,event,4.2,37.1549,136.7757,10.0,us6000m3bj
snap_0073,2024-01-03 14:33:15.867000+00:00,event,3.8,37.3572,137.0154,10.0,us6000m1fb
snap_0074,2024-01-03 15:36:53.611000+00:00,event,4.6,37.4364,137.1541,10.0,us6000m1fl
snap_0075,2024-01-04 00:00:00+00:00,regular,,,,,
snap_0076,2024-01-04 06:46:47.423000+00:00,event,4.5,37.4636,137.3572,10.0,us6000m1lr
snap_0077,2024-01-04 08:16:22.946000+00:00,event,4.9,37.6914,137.456,10.0,us6000m1m0
snap_0078,2024-01-04 15:04:13.850000+00:00,event,4.6,37.1426,137.0054,10.0,us6000m1s6
snap_0079,2024-01-05 00:00:00+00:00,regular,,,,,
snap_0080,2024-01-05 13:09:25.303000+00:00,event,4.4,37.3815,137.0245,10.204,us6000m1z4
snap_0081,2024-01-05 16:59:08.446000+00:00,event,4.9,37.1756,136.6794,10.0,us6000m21w
snap_0082,2024-01-05 20:26:51.093000+00:00,event,5.1,37.2225,136.8266,10.0,us6000m22x
snap_0083,2024-01-05 21:57:16.020000+00:00,event,4.2,37.2352,137.148,10.0,us6000m23v
snap_0084,2024-01-06 00:00:00+00:00,regular,,,,,
snap_0085,2024-01-06 14:20:22.904000+00:00,event,4.5,37.1993,136.6931,10.0,us6000m27p
snap_0086,2024-01-07 00:00:00+00:00,regular,,,,,
snap_0087,2024-01-07 05:37:58.050000+00:00,event,4.5,37.4611,137.2619,6.086,us6000m2b3
snap_0088,2024-01-07 06:26:56.123000+00:00,event,4.8,37.2146,136.7566,10.0,us6000m2b6
snap_0089,2024-01-07 12:38:18.454000+00:00,event,4.5,37.1829,136.8656,10.0,us6000m2c0
snap_0090,2024-01-08 00:00:00+00:00,regular,,,,,
snap_0091,2024-01-09 00:00:00+00:00,regular,,,,,
snap_0092,2024-01-10 00:00:00+00:00,regular,,,,,
snap_0093,2024-01-11 00:00:00+00:00,regular,,,,,
snap_0094,2024-01-11 20:54:28.326000+00:00,event,4.5,37.5826,137.6389,10.0,us6000m36x
snap_0095,2024-01-12 00:00:00+00:00,regular,,,,,
snap_0096,2024-01-12 08:29:08.884000+00:00,event,4.5,37.4527,137.2927,9.291,us6000m39a
snap_0097,2024-01-12 12:10:22.247000+00:00,event,4.1,37.1755,136.8342,6.735,us6000m39q
snap_0098,2024-01-12 19:04:30.314000+00:00,event,4.3,37.1881,136.8095,4.805,us6000m3d5
snap_0099,2024-01-13 00:20:56.503000+00:00,event,4.3,37.6949,137.6093,10.0,us6000m4pm
snap_0100,2024-01-14 00:00:00+00:00,regular,,,,,
snap_0101,2024-01-15 00:00:00+00:00,regular,,,,,
snap_0102,2024-01-16 00:00:00+00:00,regular,,,,,
snap_0103,2024-01-16 09:42:16.421000+00:00,event,4.7,37.1307,136.7977,10.0,us6000m3wx
snap_0104,2024-01-17 00:00:00+00:00,regular,,,,,
snap_0105,2024-01-18 00:00:00+00:00,regular,,,,,
snap_0106,2024-01-18 18:04:39.170000+00:00,event,4.4,37.341,137.1805,10.0,us6000m4hy
snap_0107,2024-01-18 22:06:09.407000+00:00,event,4.3,37.133,136.8173,10.569,us7000ltrp
snap_0108,2024-01-19 00:00:00+00:00,regular,,,,,
snap_0109,2024-01-20 00:00:00+00:00,regular,,,,,
snap_0110,2024-01-21 00:00:00+00:00,regular,,,,,
snap_0111,2024-01-22 00:00:00+00:00,regular,,,,,
snap_0112,2024-01-22 07:00:37.939000+00:00,event,4.3,37.3489,136.6711,10.0,us7000lu2c
snap_0113,2024-01-22 17:13:20.514000+00:00,event,4.3,37.1299,136.8792,10.0,us7000lsz3
snap_0114,2024-01-23 00:00:00+00:00,regular,,,,,
snap_0115,2024-01-24 00:00:00+00:00,regular,,,,,
snap_0116,2024-01-25 00:00:00+00:00,regular,,,,,
snap_0117,2024-01-26 00:32:38.505000+00:00,event,4.1,37.3687,136.7764,9.336,us7000lvbn
snap_0118,2024-01-26 05:40:04.386000+00:00,event,4.5,37.1491,136.8406,10.0,us7000ltwg
snap_0119,2024-01-27 00:00:00+00:00,regular,,,,,
snap_0120,2024-01-28 00:00:00+00:00,regular,,,,,
snap_0121,2024-01-29 00:00:00+00:00,regular,,,,,
snap_0122,2024-01-30 00:00:00+00:00,regular,,,,,
snap_0123,2024-01-31 00:00:00+00:00,regular,,,,,
snap_0124,2024-01-31 23:07:12.081000+00:00,event,4.2,37.3723,136.7898,8.748,us7000lviq
snap_0125,2024-02-02 00:00:00+00:00,regular,,,,,
snap_0126,2024-02-03 00:00:00+00:00,regular,,,,,
snap_0127,2024-02-04 00:00:00+00:00,regular,,,,,
snap_0128,2024-02-05 00:00:00+00:00,regular,,,,,
snap_0129,2024-02-06 00:00:00+00:00,regular,,,,,
snap_0130,2024-02-07 00:00:00+00:00,regular,,,,,
snap_0131,2024-02-08 00:00:00+00:00,regular,,,,,
snap_0132,2024-02-09 00:00:00+00:00,regular,,,,,
snap_0133,2024-02-09 20:18:52.376000+00:00,event,4.3,37.5326,137.4675,6.705,us7000lz7a
snap_0134,2024-02-10 00:00:00+00:00,regular,,,,,
snap_0135,2024-02-10 15:34:40.392000+00:00,event,4.4,37.5699,137.6234,10.0,us7000lybd
snap_0136,2024-02-11 00:00:00+00:00,regular,,,,,
snap_0137,2024-02-11 03:35:58.511000+00:00,event,4.4,37.435,137.2824,10.0,us7000lye7
snap_0138,2024-02-12 00:00:00+00:00,regular,,,,,
snap_0139,2024-02-13 00:00:00+00:00,regular,,,,,
snap_0140,2024-02-14 00:00:00+00:00,regular,,,,,
snap_0141,2024-02-14 01:32:53.161000+00:00,event,4.8,37.1633,136.9269,10.0,us7000lz26
snap_0142,2024-02-15 00:00:00+00:00,regular,,,,,
snap_0143,2024-02-15 06:29:42.991000+00:00,event,4.8,37.5306,137.6202,10.0,us7000lzc9
snap_0144,2024-02-15 11:00:21.891000+00:00,event,4.4,37.4944,137.6538,12.948,us7000lze5
snap_0145,2024-02-16 00:00:00+00:00,regular,,,,,
snap_0146,2024-02-17 00:00:00+00:00,regular,,,,,
snap_0147,2024-02-18 00:00:00+00:00,regular,,,,,
snap_0148,2024-02-19 00:00:00+00:00,regular,,,,,
snap_0149,2024-02-20 00:00:00+00:00,regular,,,,,
snap_0150,2024-02-21 00:00:00+00:00,regular,,,,,
snap_0151,2024-02-22 00:00:00+00:00,regular,,,,,
snap_0152,2024-02-23 00:00:00+00:00,regular,,,,,
snap_0153,2024-02-24 00:00:00+00:00,regular,,,,,
snap_0154,2024-02-25 00:00:00+00:00,regular,,,,,
snap_0155,2024-02-26 00:00:00+00:00,regular,,,,,
snap_0156,2024-02-27 00:00:00+00:00,regular,,,,,
snap_0157,2024-02-28 00:00:00+00:00,regular,,,,,
snap_0158,2024-02-28 07:14:29.999000+00:00,event,4.1,37.3652,137.0126,8.622,us6000mgpj
snap_0159,2024-02-29 00:00:00+00:00,regular,,,,,
snap_0160,2024-03-01 00:00:00+00:00,regular,,,,,
snap_0161,2024-03-02 00:00:00+00:00,regular,,,,,
snap_0162,2024-03-03 00:00:00+00:00,regular,,,,,
snap_0163,2024-03-04 00:00:00+00:00,regular,,,,,
snap_0164,2024-03-05 00:00:00+00:00,regular,,,,,
snap_0165,2024-03-06 00:00:00+00:00,regular,,,,,
snap_0166,2024-03-07 00:00:00+00:00,regular,,,,,
snap_0167,2024-03-07 06:41:46.146000+00:00,event,4.3,37.3161,137.1405,9.846,us7000m3u6
snap_0168,2024-03-08 00:00:00+00:00,regular,,,,,
snap_0169,2024-03-09 00:00:00+00:00,regular,,,,,
snap_0170,2024-03-10 00:00:00+00:00,regular,,,,,
snap_0171,2024-03-11 00:00:00+00:00,regular,,,,,
snap_0172,2024-03-12 00:00:00+00:00,regular,,,,,
snap_0173,2024-03-12 18:31:58.286000+00:00,event,4.3,37.1017,136.7269,8.808,us6000mjm2
snap_0174,2024-03-13 00:00:00+00:00,regular,,,,,
snap_0175,2024-03-14 00:00:00+00:00,regular,,,,,
snap_0176,2024-03-15 00:00:00+00:00,regular,,,,,
snap_0177,2024-03-16 00:00:00+00:00,regular,,,,,
snap_0178,2024-03-17 00:00:00+00:00,regular,,,,,
snap_0179,2024-03-18 00:00:00+00:00,regular,,,,,
snap_0180,2024-03-19 00:00:00+00:00,regular,,,,,
snap_0181,2024-03-20 00:00:00+00:00,regular,,,,,
snap_0182,2024-03-21 00:00:00+00:00,regular,,,,,
snap_0183,2024-03-22 00:00:00+00:00,regular,,,,,
snap_0184,2024-03-22 17:56:03.553000+00:00,event,4.3,37.511,137.4935,8.769,us6000mkk5
snap_0185,2024-03-23 00:00:00+00:00,regular,,,,,
snap_0186,2024-03-24 00:00:00+00:00,regular,,,,,
snap_0187,2024-03-25 00:00:00+00:00,regular,,,,,
snap_0188,2024-03-26 00:00:00+00:00,regular,,,,,
snap_0189,2024-03-27 00:00:00+00:00,regular,,,,,
snap_0190,2024-03-28 00:00:00+00:00,regular,,,,,
snap_0191,2024-03-29 00:00:00+00:00,regular,,,,,
snap_0192,2024-03-30 00:00:00+00:00,regular,,,,,
snap_0193,2024-03-31 00:00:00+00:00,regular,,,,,
snap_0194,2024-04-01 00:00:00+00:00,regular,,,,,
snap_0195,2024-04-02 00:00:00+00:00,regular,,,,,
snap_0196,2024-04-03 00:00:00+00:00,regular,,,,,
snap_0197,2024-04-04 00:00:00+00:00,regular,,,,,
snap_0198,2024-04-05 00:00:00+00:00,regular,,,,,
snap_0199,2024-04-06 00:00:00+00:00,regular,,,,,
snap_0200,2024-04-07 00:00:00+00:00,regular,,,,,
snap_0201,2024-04-08 00:00:00+00:00,regular,,,,,
snap_0202,2024-04-08 13:29:25.620000+00:00,event,4.2,37.4611,137.1781,9.417,us7000mcnt
snap_0203,2024-04-09 00:00:00+00:00,regular,,,,,
