Download Time:2026/08/28 14:39:57,Network:K-NET and KiK-net,Origin Time:2018-09-06 03:08:00 Latitude[degree]:42.690 Longitude[degree]:142.007 Magnitude:6.7 Max Acc[gal]:1796.4 Max Vel[cm/s]:151.5 Seismic Intensity:6.7 Number of stations:472 
Network,Station Code,Record Time,Latitude[degree],Longitude[degree],Max Acc[gal],Max Vel[cm/s],Seismic Intensity,Epicentral Distance[km],Station Name
K-NET,HKD127,2018/09/06 03:07:52,42.8743,141.8204,1796.4,98.4,6.4,26,OIWAKE
KiK-net,IBUH01,2018/09/06 03:07:51,42.8739,141.8191,1504.8,129.2,6.7,26,OIWAKE
K-NET,HKD125,2018/09/06 03:07:50,42.7609,142.1344,774.2,60.4,6.1,13,HOBETSU
K-NET,HKD103,2018/09/06 03:07:52,42.7275,142.2973,738.4,47.2,5.9,24,HOROKESHI
K-NET,HKD128,2018/09/06 03:07:50,42.7656,141.8219,715.8,104.3,6.4,17,HAYAKITA
KiK-net,IBUH02,2018/09/06 03:07:51,42.8714,142.1285,715.7,31.7,5.4,22,HOBETSU
KiK-net,HDKH01,2018/09/06 03:07:51,42.7031,142.2296,668.8,49.4,5.9,18,BIRATORI-W
K-NET,HKD126,2018/09/06 03:07:51,42.5748,141.9284,661.5,151.5,6.4,14,MUKAWA
K-NET,HKD124,2018/09/06 03:07:53,42.9986,141.7903,631.3,22.0,4.9,39,YUNI
KiK-net,SRCH09,2018/09/06 03:07:54,43.0587,141.8063,613.6,24.4,5.5,44,KURIYAMA
K-NET,HKD185,2018/09/06 03:07:53,42.7756,141.4016,586.7,21.5,5.2,50,SHIKOTSUKOHAN
K-NET,HKD184,2018/09/06 03:07:52,42.7898,141.6008,451.0,30.8,5.3,35,CHITOSE
KiK-net,HDKH04,2018/09/06 03:07:51,42.5126,142.0381,426.1,55.9,5.8,20,MOMBETSU-W
K-NET,HKD129,2018/09/06 03:07:52,42.6347,141.6057,391.8,24.2,5.2,33,TOMAKOMAI
K-NET,HKD105,2018/09/06 03:07:51,42.4826,142.0538,373.2,59.4,5.6,23,MOMBETSU
KiK-net,HDKH03,2018/09/06 03:07:52,42.5934,142.3521,360.4,18.0,5.2,30,MOMBETSU-E
K-NET,HKD104,2018/09/06 03:07:51,42.5886,142.1310,356.9,26.1,5.1,15,BIRATORI
K-NET,HKD131,2018/09/06 03:07:58,42.4206,141.0809,354.8,11.6,4.9,82,NOBORIBETSU
KiK-net,IKRH02,2018/09/06 03:07:57,43.2204,141.6523,299.6,22.6,5.2,66,SHINSHINOTSU
K-NET,HKD181,2018/09/06 03:07:56,43.1161,141.5462,278.1,18.4,5.1,60,EBETSU
KiK-net,IBUH05,2018/09/06 03:07:54,42.5629,141.3497,269.8,11.6,4.6,56,SHIRAOI
KiK-net,IBUH06,2018/09/06 03:07:58,42.4116,141.0017,262.9,15.5,5.1,88,MURORAN
KiK-net,IBUH07,2018/09/06 03:07:57,42.6476,141.0643,232.2,10.0,4.7,77,OTAKI
K-NET,HKD130,2018/09/06 03:07:55,42.5626,141.3502,206.4,11.4,4.5,56,SHIRAOI
K-NET,HKD182,2018/09/06 03:07:55,42.9923,141.5526,205.8,20.0,4.7,50,HIROSHIMA
K-NET,HKD106,2018/09/06 03:07:56,42.3414,142.3688,201.9,23.7,5.0,49,SHIZUNAI
KiK-net,HDKH06,2018/09/06 03:07:55,42.3498,142.3572,200.6,21.5,5.0,47,SHIZUNAI
KiK-net,IKRH03,2018/09/06 03:07:52,42.8880,141.6399,190.7,26.9,5.0,37,CHITOSE
K-NET,HKD120,2018/09/06 03:07:59,43.3442,141.6633,187.9,7.5,4.4,78,TSUKIGATA
K-NET,HKD134,2018/09/06 03:07:58,42.6713,141.0790,186.5,9.8,4.6,76,OHTAKI
K-NET,HKD180,2018/09/06 03:07:59,43.1391,141.3513,168.7,22.9,5.0,73,SAPPORO
KiK-net,IKRH01,2018/09/06 03:07:59,43.4087,141.5836,166.2,6.8,4.2,87,TOBETSU
K-NET,HKD132,2018/09/06 03:07:59,42.3484,141.0318,160.0,9.3,4.5,88,MURORAN
K-NET,HKD121,2018/09/06 03:08:02,43.3332,141.8553,159.3,7.7,4.3,73,BIBAI
K-NET,HKD157,2018/09/06 03:08:03,41.9053,140.9698,156.5,4.3,4.1,122,MINAMIKAYABE
K-NET,HKD176,2018/09/06 03:08:06,43.5324,141.5924,137.0,5.2,4.1,100,YOMBANGAWA
K-NET,HKD123,2018/09/06 03:07:53,42.9933,142.0085,134.6,9.1,4.3,34,YUBARI
K-NET,HKD158,2018/09/06 03:08:03,41.8349,141.1408,134.0,11.7,4.6,119,TODOHOKKE
K-NET,HKD155,2018/09/06 03:08:03,42.0438,140.8064,133.6,5.7,4.1,122,SHIKABE
K-NET,HKD159,2018/09/06 03:08:07,41.7160,141.0046,129.2,5.5,4.2,136,TOI
KiK-net,SBSH08,2018/09/06 03:07:58,42.7680,140.9766,129.0,6.6,4.1,85,KIMOBETSU
K-NET,HKD139,2018/09/06 03:08:04,43.1975,140.7819,129.0,5.8,4.1,115,YOICHI
KiK-net,SRCH10,2018/09/06 03:07:53,42.9930,142.0085,128.2,8.7,4.3,34,YUBARI
K-NET,HKD108,2018/09/06 03:07:58,42.2528,142.5643,126.2,8.3,4.3,67,MITSUISHI
K-NET,HKD178,2018/09/06 03:08:01,43.1720,141.3043,113.1,16.3,4.6,78,ISHIKARI
K-NET,HKD179,2018/09/06 03:07:58,43.2236,141.5175,111.8,11.1,4.4,71,TOBETSU
K-NET,HKD156,2018/09/06 03:08:06,41.8996,140.6960,108.8,3.3,3.8,139,NANAE
KiK-net,SBSH07,2018/09/06 03:08:00,42.7630,140.8084,107.8,6.4,4.0,98,MAKKARI
KiK-net,SRCH07,2018/09/06 03:07:57,43.2300,141.8978,104.8,6.9,4.2,61,MIKASA
K-NET,HKD183,2018/09/06 03:07:58,42.9724,141.1656,102.5,3.2,3.4,75,JOZANKEI
K-NET,HKD154,2018/09/06 03:08:06,42.0965,140.5636,100.8,5.3,4.0,136,MORI
K-NET,HKD133,2018/09/06 03:08:09,42.4727,140.8657,100.8,5.6,3.9,97,DATE
K-NET,HKD122,2018/09/06 03:07:59,43.1968,141.7754,99.2,8.1,4.2,59,IWAMIZAWA
K-NET,HKD102,2018/09/06 03:07:54,42.8778,142.4481,98.1,13.0,4.4,42,HIDAKA
K-NET,HKD040,2018/09/06 03:07:57,42.9806,142.3994,90.6,7.0,3.9,45,SHIMUKAPPU
K-NET,HKD118,2018/09/06 03:08:02,43.5524,141.9175,87.6,5.0,3.7,96,TAKIKAWA
K-NET,HKD145,2018/09/06 03:07:59,42.7978,140.9361,83.1,4.1,3.8,88,KIMOBETSU
KiK-net,OSMH02,2018/09/06 03:08:07,41.8374,140.6331,81.0,4.5,3.8,148,KAMIISO
K-NET,HKD099,2018/09/06 03:07:58,43.0736,142.8392,76.9,9.7,4.2,80,SHINTOKU
KiK-net,SBSH03,2018/09/06 03:08:04,43.0842,140.8199,75.6,8.7,4.1,106,AKAIGAWA
KiK-net,SRCH08,2018/09/06 03:08:00,43.5138,141.9090,73.9,5.4,3.8,92,SUNAGAWA
K-NET,HKD091,2018/09/06 03:08:14,42.8088,143.6590,70.5,5.8,4.1,136,URAHORO
KiK-net,KKWH08,2018/09/06 03:07:56,43.0406,142.6562,70.0,4.1,3.8,66,SHIMUKAPPU
KiK-net,HDKH05,2018/09/06 03:07:53,42.5977,142.5446,69.5,5.7,3.9,45,NIIKAPPU
K-NET,HKD142,2018/09/06 03:08:06,43.0841,140.8202,68.8,8.4,4.0,106,AKAIGAWA
K-NET,HKD177,2018/09/06 03:08:03,43.4001,141.4346,67.3,4.3,3.8,92,ATSUTA
K-NET,HKD092,2018/09/06 03:08:10,42.9283,143.4485,67.3,5.1,3.8,121,IKEDA
K-NET,HKD140,2018/09/06 03:08:01,43.1908,140.9933,64.1,4.2,3.6,100,OTARU
K-NET,AOM003,2018/09/06 03:08:11,41.4053,141.1691,63.6,3.5,3.8,159,OHHATA
K-NET,HKD119,2018/09/06 03:08:07,43.5199,142.1914,59.7,5.4,3.8,93,ASHIBETSU
K-NET,HKD107,2018/09/06 03:07:57,42.4194,142.4992,59.0,9.0,4.0,50,NOYA
K-NET,AOM005,2018/09/06 03:08:17,41.2949,141.1972,58.0,4.8,3.6,169,MUTSU
KiK-net,AOMH01,2018/09/06 03:08:07,41.5273,140.9127,55.6,1.8,3.3,158,OMA
K-NET,HKD100,2018/09/06 03:08:09,42.2864,143.3120,54.6,2.2,3.4,116,HIROO
K-NET,HKD175,2018/09/06 03:08:04,43.6015,141.3882,52.8,3.6,3.5,113,HAMAMASU
KiK-net,KKWH11,2018/09/06 03:08:08,43.9754,142.2834,52.8,3.0,3.7,145,WASSAMU
K-NET,HKD135,2018/09/06 03:08:01,42.5533,140.8864,52.5,3.7,3.6,93,SOBETSU
K-NET,HKD097,2018/09/06 03:08:06,42.6181,143.4210,50.0,2.6,3.3,116,SEIKA
K-NET,HKD153,2018/09/06 03:08:15,42.1245,140.3755,49.6,2.3,3.2,148,KAMINOYU
KiK-net,KKWH07,2018/09/06 03:08:01,43.3697,142.3409,49.1,3.8,3.6,80,FURANO
K-NET,HKD160,2018/09/06 03:08:17,41.7700,140.7383,48.4,4.3,3.6,146,HAKODATE
KiK-net,TKCH04,2018/09/06 03:08:00,43.1739,142.9176,48.3,5.3,3.8,92,SHINTOKU-S
K-NET,HKD138,2018/09/06 03:08:06,43.2923,140.6013,48.2,2.4,3.3,133,SHAKOTAN
K-NET,HKD144,2018/09/06 03:08:02,42.9059,140.7670,47.9,4.7,3.8,104,KUCCHAN
KiK-net,RMIH05,2018/09/06 03:08:14,44.0254,141.7876,46.7,3.1,3.5,150,OBIRA-W
K-NET,HKD109,2018/09/06 03:08:03,42.1678,142.7673,46.4,3.4,3.6,85,URAKAWA
K-NET,AOM010,2018/09/06 03:08:27,40.8724,141.1427,46.3,2.5,3.4,214,NOHEJI
KiK-net,AOMH05,2018/09/06 03:08:19,40.8564,141.1033,45.9,1.5,3.2,217,NOHEJI
K-NET,HKD169,2018/09/06 03:08:15,41.9351,140.3678,45.5,2.5,3.1,159,KIMANAI
K-NET,HKD095,2018/09/06 03:08:06,42.9311,143.2137,44.2,4.8,3.5,102,OBIHIRO
K-NET,AOM011,2018/09/06 03:08:21,40.6803,141.3669,44.1,2.1,3.3,230,MISAWA
KiK-net,HDKH07,2018/09/06 03:08:01,42.1330,142.9164,42.7,3.9,3.5,97,SAMANI
KiK-net,SRCH06,2018/09/06 03:08:04,43.6948,142.0776,42.4,5.4,3.6,112,FUKAGAWA-S
K-NET,HKD023,2018/09/06 03:08:13,43.7734,141.3686,42.3,2.3,3.3,131,OFUYU
K-NET,HKD117,2018/09/06 03:08:04,43.7241,142.0527,41.8,5.2,3.5,115,FUKAGAWA
KiK-net,AOMH16,2018/09/06 03:08:23,40.4624,141.0923,41.6,2.3,3.4,259,SHINGO
K-NET,HKD086,2018/09/06 03:08:22,42.8542,143.8579,41.3,2.7,3.4,152,CHOKUBETSU
K-NET,HKD151,2018/09/06 03:08:10,42.4948,140.3539,41.3,5.5,3.5,137,OSHAMAMBE
KiK-net,KKWH13,2018/09/06 03:08:03,43.5113,142.3906,40.9,3.6,3.5,96,BIEI-W
K-NET,HKD021,2018/09/06 03:08:14,43.9407,141.6370,39.5,4.1,3.6,142,RUMOI
KiK-net,AOMH06,2018/09/06 03:08:14,40.9664,141.3738,39.4,1.8,2.9,199,ROKKASHO
K-NET,HKD110,2018/09/06 03:08:07,42.1310,142.9354,38.6,3.9,3.6,98,SAMANI
K-NET,HKD039,2018/09/06 03:08:05,43.3421,142.3845,37.2,7.4,3.7,79,FURANO
KiK-net,TKCH05,2018/09/06 03:08:07,43.1211,143.6181,37.1,1.7,3.1,140,HOMBETSU
K-NET,HKD022,2018/09/06 03:08:10,43.8516,141.5279,37.1,5.6,3.6,135,MASHIKE
K-NET,HKD116,2018/09/06 03:08:14,43.8005,141.9343,37.1,6.2,3.6,124,NUMATA
K-NET,HKD098,2018/09/06 03:08:07,42.4985,143.2790,37.0,5.3,3.6,106,TAIKI
KiK-net,KSRH09,2018/09/06 03:08:10,42.9856,143.9841,36.5,3.5,3.5,165,SHIRANUKA-S
K-NET,HKD038,2018/09/06 03:07:59,43.1666,142.5662,36.4,3.4,3.5,70,MINAMIFURANO
K-NET,HKD036,2018/09/06 03:08:12,43.7726,142.3648,36.1,5.3,3.6,124,ASAHIKAWA
KiK-net,SBSH04,2018/09/06 03:08:03,42.9758,140.6219,35.9,2.2,3.0,117,KYOWA
K-NET,HKD146,2018/09/06 03:08:05,42.8076,140.6878,35.1,5.5,3.7,109,NISEKO
KiK-net,IWTH02,2018/09/06 03:08:38,39.8250,141.3826,34.1,0.9,2.8,323,TAMAYAMA
KiK-net,AOMH12,2018/09/06 03:08:23,40.5846,141.1547,33.2,1.5,2.8,245,TOWADAKO-E
KiK-net,SRCH04,2018/09/06 03:08:12,43.8203,141.9397,33.0,4.8,3.4,126,NUMATA
KiK-net,SBSH02,2018/09/06 03:08:05,43.0527,140.5017,33.0,1.6,2.8,129,TOMARI
K-NET,AOM007,2018/09/06 03:08:15,41.1689,141.3845,32.6,1.4,2.7,177,MINAMIDORI
K-NET,AOM006,2018/09/06 03:08:20,41.1976,140.9979,31.9,1.8,3.1,186,KAWAUCHI
K-NET,AOM012,2018/09/06 03:08:27,40.5127,141.4880,31.8,1.1,2.8,246,HACHINOHE
K-NET,IWT001,2018/09/06 03:08:27,40.4101,141.7193,31.7,1.2,2.9,255,TANEICHI
KiK-net,TKCH03,2018/09/06 03:08:06,43.2708,143.4317,31.6,3.2,3.2,133,ASHORO-W
K-NET,AOM008,2018/09/06 03:08:17,41.0844,141.2554,31.5,2.5,3.1,189,YOKOHAMA
KiK-net,HYMH02,2018/09/06 03:08:09,41.9856,140.3087,31.2,2.5,3.2,160,ASSABU
K-NET,HKD096,2018/09/06 03:08:03,42.6977,143.1357,30.7,2.9,3.2,92,NAKASATSUNAI
K-NET,HKD143,2018/09/06 03:08:10,42.9793,140.5093,30.5,4.1,3.3,126,IWANAI
K-NET,AOM001,2018/09/06 03:08:15,41.5269,140.9246,30.1,1.5,3.0,157,OHMA
K-NET,AOM004,2018/09/06 03:08:13,41.4064,141.4477,29.4,1.2,2.6,150,SHIRIYA
K-NET,HKD037,2018/09/06 03:08:09,43.5889,142.4673,29.4,3.2,3.3,107,BIEI
K-NET,HKD090,2018/09/06 03:08:15,43.1213,143.6183,29.3,1.4,2.9,140,HOMBETSU
KiK-net,KSRH02,2018/09/06 03:08:12,43.1142,144.1230,29.3,3.1,3.3,179,AKAN-S
KiK-net,IWTH08,2018/09/06 03:08:29,40.2686,141.7831,28.5,1.4,3.0,270,KUJI-N
KiK-net,SRCH05,2018/09/06 03:08:11,43.8243,142.1594,28.2,1.4,2.9,127,FUKAGAWA-N
KiK-net,AOMH17,2018/09/06 03:08:22,40.4492,141.3374,27.8,1.4,2.8,255,NAGAWA
K-NET,AOM002,2018/09/06 03:08:16,41.3280,140.8132,27.3,0.8,2.7,181,FUKUURA
K-NET,HKD089,2018/09/06 03:08:16,43.2436,143.5544,27.2,2.5,3.0,140,ASHORO
K-NET,HKD084,2018/09/06 03:08:21,43.1141,144.1230,27.1,3.1,3.2,179,AKAN
K-NET,HKD094,2018/09/06 03:08:09,43.1692,143.2410,26.2,3.4,3.2,114,SHIHORO
K-NET,HKD161,2018/09/06 03:08:16,41.6795,140.4334,24.8,3.1,3.3,172,KIKONAI
KiK-net,KKWH14,2018/09/06 03:08:00,43.3841,142.5245,24.7,3.6,3.2,88,NAKAFURANO
KiK-net,KSRH01,2018/09/06 03:08:18,43.4361,144.0844,24.7,5.3,3.5,188,AKAN-N
KiK-net,AOMH13,2018/09/06 03:08:19,40.5794,141.4451,24.6,2.5,3.1,239,HACHINOHE
K-NET,HKD136,2018/09/06 03:08:06,42.5901,140.6441,24.3,2.7,2.9,112,TOYOURA
KiK-net,IWTH01,2018/09/06 03:08:31,40.2383,141.3423,23.5,1.0,2.7,278,NINOHE-E
KiK-net,SRCH03,2018/09/06 03:08:11,43.9994,142.1258,23.2,2.0,3.1,146,HOROKANAI-S
KiK-net,IWTH12,2018/09/06 03:08:32,40.1533,141.4245,22.7,0.8,2.5,286,KUNOHE
KiK-net,KSRH07,2018/09/06 03:08:18,43.1359,144.3274,22.6,2.7,2.8,195,TSURUI-S
KiK-net,SBSH06,2018/09/06 03:08:04,42.8309,140.4831,22.0,3.7,3.2,125,RANKOSHI
K-NET,HKD032,2018/09/06 03:08:15,44.0235,142.4123,22.0,2.0,3.1,152,WASSAMU
K-NET,HKD041,2018/09/06 03:08:11,43.6246,142.6839,21.7,2.1,3.2,118,TENNINKYO
K-NET,HKD085,2018/09/06 03:08:15,42.9581,144.0698,21.5,3.3,3.3,171,SHIRANUKA
K-NET,HKD167,2018/09/06 03:08:18,42.1297,139.9813,21.5,1.3,2.6,178,KUMAISHI
K-NET,HKD165,2018/09/06 03:08:17,42.4287,140.0178,20.9,1.6,2.9,165,IMAKANE
K-NET,AOM009,2018/09/06 03:08:26,40.9658,141.3730,20.8,1.3,2.6,199,ROKKASHO
K-NET,HKD093,2018/09/06 03:08:11,43.3191,143.3049,20.7,2.3,2.9,127,NUKABIRA
K-NET,AOM024,2018/09/06 03:08:33,41.0473,140.6399,20.3,1.9,3.0,215,KANITA
K-NET,HKD070,2018/09/06 03:08:35,43.3852,145.2840,19.9,1.6,2.9,277,HOMBETSUKAI
K-NET,HKD113,2018/09/06 03:08:11,42.1287,143.3153,19.3,1.2,2.4,124,MEGURO
KiK-net,AOMH11,2018/09/06 03:08:28,40.5800,140.9950,19.1,0.5,2.2,249,TOWADAKO-W
K-NET,IWT020,2018/09/06 03:08:40,39.7844,141.3296,19.1,1.7,3.1,328,YABUKAWA
K-NET,HKD112,2018/09/06 03:08:13,41.9370,143.2403,18.9,1.2,2.5,132,ERIMOMISAKI
KiK-net,NMRH05,2018/09/06 03:08:30,43.3900,144.8021,18.7,1.4,2.5,240,BEKKAI-W
K-NET,HKD147,2018/09/06 03:08:06,42.8056,140.5305,18.2,3.3,3.1,121,RANKOSHI
K-NET,HKD082,2018/09/06 03:08:27,43.4369,144.0855,17.9,4.2,3.3,188,AKANKOHAN
K-NET,AOM027,2018/09/06 03:08:22,41.1457,140.8219,17.8,1.1,2.7,198,WAKINOSAWA
KiK-net,KSRH06,2018/09/06 03:08:23,43.2200,144.4285,17.5,1.8,2.5,206,TSURUI-E
K-NET,HKD071,2018/09/06 03:08:38,43.2326,145.2604,17.3,0.7,2.5,272,ATTOKO
K-NET,AOM013,2018/09/06 03:08:40,40.4126,141.2813,17.0,0.8,2.5,260,NAMBU
K-NET,HKD148,2018/09/06 03:08:12,42.6680,140.3050,16.9,3.3,3.1,139,KUROMATSUNAI
K-NET,HKD078,2018/09/06 03:08:24,43.1488,144.4976,16.7,1.8,2.6,209,TORO
KiK-net,KSRH03,2018/09/06 03:08:30,43.3848,144.6279,16.6,1.0,2.4,227,SHIBECHA-N
K-NET,AOM023,2018/09/06 03:08:26,40.9664,140.4317,16.5,1.7,2.8,232,NAKASATO
KiK-net,OSMH01,2018/09/06 03:08:12,41.5977,140.4207,16.5,2.3,3.1,178,SHIRIUCHI
KiK-net,ABSH07,2018/09/06 03:08:14,43.8494,143.0861,16.5,1.9,2.8,156,SHIRATAKI
K-NET,AOM020,2018/09/06 03:08:26,40.8194,140.7498,16.4,2.2,2.9,233,AOMORI
KiK-net,NMRH04,2018/09/06 03:08:27,43.3978,145.1224,16.4,1.4,2.7,265,BEKKAI-E
K-NET,HKD168,2018/09/06 03:08:18,41.8691,140.1266,15.6,1.6,2.7,180,ESASHI
K-NET,HKD068,2018/09/06 03:08:55,43.4108,144.7704,15.2,1.1,2.4,238,KAMINISHISHUMBETSU
K-NET,HKD077,2018/09/06 03:08:42,42.9845,144.3824,15.2,1.5,2.7,196,KUSHIRO
K-NET,IWT004,2018/09/06 03:08:38,39.7356,141.9671,15.1,0.8,2.5,329,TARO
K-NET,HKD115,2018/09/06 03:08:15,44.0070,142.1485,15.0,1.4,2.7,147,HOROKANAI
K-NET,HKD069,2018/09/06 03:08:52,43.3941,145.1168,14.9,1.5,2.6,265,BETSUKAI
K-NET,AOM021,2018/09/06 03:08:29,40.6150,141.2083,14.7,1.6,2.5,240,TOWADA
K-NET,HKD137,2018/09/06 03:08:15,43.3236,140.3791,14.5,2.2,2.5,150,YOBETSU
K-NET,HKD152,2018/09/06 03:08:13,42.2586,140.2638,14.3,2.9,2.8,151,YAKUMO
K-NET,HKD024,2018/09/06 03:08:17,44.0494,141.8573,14.3,1.6,2.7,152,TAPPU
KiK-net,KKWH12,2018/09/06 03:08:04,43.5038,142.6006,14.1,1.9,2.7,103,BIEI-E
K-NET,IWT021,2018/09/06 03:08:39,39.9203,141.0822,14.0,0.8,2.3,318,NISHINE
K-NET,HKD066,2018/09/06 03:08:40,43.6619,145.1307,13.9,0.9,2.5,275,SHIBETSU
KiK-net,TKCH10,2018/09/06 03:08:04,43.3337,142.9448,13.8,1.3,2.4,105,SHINTOKU-N
KiK-net,AOMH03,2018/09/06 03:08:12,41.2340,140.9896,13.8,1.2,2.4,182,KAWAUCHI
KiK-net,KSRH04,2018/09/06 03:08:23,43.2139,144.6804,13.7,1.7,2.5,225,SHIBECHA-S
KiK-net,AKTH14,2018/09/06 03:08:33,40.0622,140.8084,13.7,0.5,2.2,309,KAZUNO
KiK-net,KSRH05,2018/09/06 03:08:18,43.2556,144.2338,13.6,1.9,2.5,192,TSURUI-W
K-NET,HKD083,2018/09/06 03:08:25,43.2329,144.3251,13.2,2.1,2.6,198,TSURUI
K-NET,IWT002,2018/09/06 03:08:36,40.1820,141.7643,13.1,0.9,2.4,280,KUJI
K-NET,IWT012,2018/09/06 03:08:50,39.3206,141.1388,13.0,0.7,2.3,382,KITAKAMI
K-NET,HKD162,2018/09/06 03:08:22,41.4859,140.2469,13.0,0.7,2.3,198,FUKUSHIMA
K-NET,AOM022,2018/09/06 03:08:27,40.9923,140.9161,13.0,0.6,2.3,209,HIGASHITAZAWA
K-NET,HKD164,2018/09/06 03:08:18,42.4502,139.8533,13.0,1.6,2.7,178,SETANA
KiK-net,HYMH01,2018/09/06 03:08:11,42.4851,139.9678,12.9,1.4,2.6,168,KITAHIYAMA
K-NET,HKD033,2018/09/06 03:08:13,43.9090,142.5699,12.9,1.3,2.5,143,AIBETSU
K-NET,AOM014,2018/09/06 03:08:32,40.4472,140.9403,12.9,1.3,2.5,265,NENOKUCHI
K-NET,AOM019,2018/09/06 03:08:28,40.8152,140.4470,12.8,2.1,2.8,245,GOSHOGAWARA
KiK-net,IWTH14,2018/09/06 03:08:35,39.7435,141.9087,12.7,0.3,1.6,328,TARO
K-NET,AOM025,2018/09/06 03:08:23,41.1797,140.4805,12.5,1.4,2.5,210,IMABETSU
KiK-net,NMRH02,2018/09/06 03:08:30,43.6772,144.9618,12.3,0.5,2.0,264,SHIBETSU-S
KiK-net,SBSH09,2018/09/06 03:08:04,42.6104,140.4841,12.2,1.3,2.5,125,KUROMATSUNAI
KiK-net,TKCH01,2018/09/06 03:08:15,43.4683,143.6830,11.7,1.3,2.6,161,RIKUBETSU
KiK-net,SRCH02,2018/09/06 03:08:14,44.1160,142.1414,11.7,1.1,2.5,159,HOROKANAI-C
KiK-net,NMRH03,2018/09/06 03:08:28,43.5508,144.9665,11.4,1.3,2.4,259,NAKASHIBETSU
KiK-net,IWTH07,2018/09/06 03:08:23,40.2705,141.5709,11.4,0.5,1.8,271,KARUMAI
K-NET,AOM016,2018/09/06 03:09:09,40.6021,140.4982,11.4,1.4,2.3,264,HIROSAKI
K-NET,HKD067,2018/09/06 03:09:06,43.5550,144.9726,11.4,0.9,2.3,259,NAKASHIBETSU
K-NET,HKD030,2018/09/06 03:08:20,44.1821,142.3942,11.3,2.3,2.6,169,SHIBETSU
K-NET,IWT003,2018/09/06 03:08:40,40.0083,141.8885,11.3,0.8,2.3,298,FUDAI
K-NET,AOM026,2018/09/06 03:08:29,41.1280,140.3107,11.1,1.2,2.4,223,KODOMARI
K-NET,HKD101,2018/09/06 03:08:09,43.3338,142.9473,11.1,1.2,2.4,105,TOMURAUSHI
K-NET,IWT017,2018/09/06 03:08:43,39.6339,141.4379,11.1,0.3,1.8,343,KADOMA
K-NET,HKD173,2018/09/06 03:08:28,42.0662,139.4515,10.8,1.3,2.6,221,AONAE
KiK-net,IWTH11,2018/09/06 03:08:33,40.0811,141.1915,10.7,1.1,2.4,298,ICHINOHE
K-NET,AOM028,2018/09/06 03:08:29,40.7004,140.9190,10.6,1.0,2.5,239,HAKKODA
K-NET,IWT016,2018/09/06 03:08:42,39.6000,141.6790,10.6,0.4,1.9,345,KAWAI
K-NET,HKD171,2018/09/06 03:08:22,41.6490,139.9979,10.4,0.7,2.0,202,CHIISAGO
KiK-net,MYGH13,2018/09/06 03:08:57,38.6993,141.4176,10.4,0.4,2.0,447,MINAMISANRIKU
K-NET,HKD150,2018/09/06 03:08:15,42.7010,140.0619,10.3,1.4,2.5,159,SHIMAMAKI
K-NET,IWT024,2018/09/06 03:08:36,40.2612,141.2908,10.2,0.6,2.0,277,NINOHE
K-NET,HKD044,2018/09/06 03:08:31,44.4796,143.1276,10.2,1.4,2.7,219,OKOPPE
KiK-net,IWTH03,2018/09/06 03:08:35,39.8020,141.6520,10.2,0.2,1.4,322,IWAIZUMI
K-NET,HKD080,2018/09/06 03:08:29,43.5077,144.4485,10.1,1.4,2.3,218,TESHIKAGA
K-NET,HKD079,2018/09/06 03:08:32,43.3034,144.5998,10.1,1.7,2.4,222,SHIBECHA
K-NET,HKD174,2018/09/06 03:08:19,42.5950,139.8286,9.8,0.8,1.9,178,KITASHIMAUTA
K-NET,IWT005,2018/09/06 03:08:43,39.6478,141.9465,9.7,0.4,1.9,338,MIYAKO
KiK-net,IWTH04,2018/09/06 03:08:48,39.1809,141.3909,9.6,0.4,2.0,394,SUMITA
K-NET,HKD034,2018/09/06 03:08:15,43.8543,142.7686,9.6,1.0,2.3,143,KAMIKAWA
K-NET,HKD019,2018/09/06 03:08:24,44.3611,141.6978,9.5,2.0,2.7,187,HABORO
KiK-net,KKWH15,2018/09/06 03:08:12,43.8546,142.7656,9.4,1.0,2.4,143,KAMIKAWA
K-NET,HKD076,2018/09/06 03:08:33,43.0509,144.8498,9.3,1.0,2.3,235,AKKESHI
KiK-net,AOMH08,2018/09/06 03:08:32,40.7618,140.3121,9.1,1.0,2.1,256,AJIGASAWA
KiK-net,AOMH18,2018/09/06 03:08:31,40.2962,141.0145,9.1,0.4,1.7,279,TATSUKO
KiK-net,ABSH06,2018/09/06 03:08:22,44.2146,143.6202,9.1,1.7,2.6,214,YUBETSU-N
K-NET,IWT007,2018/09/06 03:08:59,39.2699,141.8567,9.1,0.3,1.8,381,KAMAISHI
KiK-net,IWTH21,2018/09/06 03:08:43,39.4734,141.9336,9.0,0.3,1.6,358,YAMADA
KiK-net,KKWH04,2018/09/06 03:08:21,44.4376,142.4056,9.0,2.1,2.6,197,NAYORO
K-NET,HKD075,2018/09/06 03:08:37,43.0767,145.1296,8.9,0.4,1.7,258,HAMANAKA
K-NET,HKD166,2018/09/06 03:08:21,42.2286,139.8186,8.8,0.7,1.7,187,TAISEI
KiK-net,ABSH11,2018/09/06 03:08:23,43.9144,144.1913,8.8,1.9,2.5,223,MEMAMBETSU
K-NET,HKD020,2018/09/06 03:08:21,44.1487,141.6647,8.7,1.3,2.4,165,MINATOMACHI
KiK-net,ABSH15,2018/09/06 03:08:14,43.6352,143.5100,8.5,1.0,2.2,161,OKETO-E
KiK-net,SBSH10,2018/09/06 03:08:10,42.7797,140.1557,8.5,1.2,2.1,152,SHIMAMAKI
K-NET,HKD004,2018/09/06 03:08:45,45.2149,142.2260,8.4,2.0,2.8,281,KAMISARUFUTSU
K-NET,HKD072,2018/09/06 03:08:35,43.1948,145.5209,8.4,0.3,1.9,291,OCHIISHI
K-NET,HKD141,2018/09/06 03:08:11,43.1449,140.4355,8.3,1.7,2.5,138,KAMOENAI
KiK-net,KKWH05,2018/09/06 03:08:20,44.2921,142.6303,8.3,1.6,2.5,185,SHIMOKAWA-W
KiK-net,KSRH08,2018/09/06 03:08:14,43.1603,143.8936,8.3,0.9,2.3,162,SHIRANUKA-N
KiK-net,AOMH09,2018/09/06 03:08:33,40.6199,140.3499,8.3,0.8,2.2,268,IWAKI
K-NET,HKD114,2018/09/06 03:08:20,44.2829,142.1619,8.2,1.4,2.4,178,SHUMARINAI
K-NET,HKD170,2018/09/06 03:08:18,41.7495,140.2510,8.2,1.0,2.2,178,YUNOTAI
KiK-net,ABSH13,2018/09/06 03:08:16,43.7419,143.4514,8.1,1.3,2.4,165,RUBESHIBE
K-NET,IWT006,2018/09/06 03:08:46,39.4850,141.9748,8.1,0.3,1.6,356,YAMADA
K-NET,HKD111,2018/09/06 03:08:16,42.0170,143.1487,8.1,1.2,2.2,120,ERIMO
K-NET,HKD074,2018/09/06 03:08:46,43.3680,145.8026,8.0,0.3,1.6,318,NOSAPPU
KiK-net,RMIH02,2018/09/06 03:08:30,44.8948,141.9251,7.9,1.9,2.6,245,TESHIO
K-NET,IWT023,2018/09/06 03:08:50,40.0370,141.4501,7.9,0.3,1.5,299,KUZUMAKI
KiK-net,TKCH02,2018/09/06 03:08:18,43.3822,143.8983,7.8,0.9,2.2,172,ASHORO-E
K-NET,HKD018,2018/09/06 03:08:29,44.5453,141.9653,7.6,1.5,2.5,206,SEISHU
K-NET,MYG010,2018/09/06 03:09:18,38.4292,141.2819,7.5,1.1,2.5,478,ISHINOMAKI
KiK-net,ABSH14,2018/09/06 03:08:24,43.7228,144.1835,7.5,1.6,2.3,210,BIHORO
K-NET,IWT022,2018/09/06 03:08:42,40.1009,141.0528,7.4,0.4,1.8,299,ASHIRO
K-NET,HKD028,2018/09/06 03:08:24,44.3598,142.4547,7.4,1.4,2.5,189,NAYORO
K-NET,IWT026,2018/09/06 03:09:16,39.2569,141.0983,7.4,0.5,1.9,389,AISARI
KiK-net,AOMH14,2018/09/06 03:08:33,40.5488,140.2726,7.3,0.5,1.9,278,NISHIMEYA
K-NET,HKD088,2018/09/06 03:08:24,43.4704,143.7488,7.3,0.5,1.8,166,RIKUBETSU
K-NET,IWT013,2018/09/06 03:08:50,39.3290,141.5638,7.3,0.4,1.9,376,TONO
K-NET,HKD056,2018/09/06 03:08:21,43.6705,143.5781,7.2,0.7,1.7,168,OKETO
K-NET,IWT014,2018/09/06 03:08:51,39.4846,141.1466,7.1,0.6,2.0,364,ISHIDORIYA
K-NET,MYG002,2018/09/06 03:09:02,38.7261,141.5110,7.1,0.2,0.9,443,UTATSU
K-NET,HKD057,2018/09/06 03:08:22,43.7054,144.0273,7.0,1.0,2.1,199,TSUBETSU
KiK-net,ABSH12,2018/09/06 03:08:25,43.8566,144.4574,7.0,2.0,2.4,237,KOSHIMIZU
K-NET,HKD087,2018/09/06 03:08:20,43.1502,143.8916,6.9,1.0,2.1,162,FUTAMATA
K-NET,HKD059,2018/09/06 03:08:37,43.8569,144.4619,6.7,2.4,2.4,237,KOSHIMIZU
K-NET,HKD054,2018/09/06 03:08:27,43.7996,143.9008,6.7,1.9,2.5,197,KITAMI
KiK-net,IWTH09,2018/09/06 03:08:27,40.0861,141.7120,6.6,0.4,1.5,291,KUJI-S
KiK-net,AOMH10,2018/09/06 03:08:25,40.6091,140.6646,6.6,0.7,2.0,257,KUROISHI
KiK-net,SOYH02,2018/09/06 03:08:35,45.2163,142.2254,6.5,1.7,2.5,281,SARUFUTSU-S
K-NET,HKD048,2018/09/06 03:08:32,44.2199,143.6155,6.3,1.4,2.4,214,YUBETSU
K-NET,IWT018,2018/09/06 03:08:50,39.6954,141.1477,6.3,0.2,1.3,341,MORIOKA
KiK-net,IWTH27,2018/09/06 03:08:48,39.0307,141.5320,6.2,0.3,1.3,409,RIKUZENTAKATA
KiK-net,IWTH18,2018/09/06 03:08:42,39.4630,141.6775,6.1,0.2,1.2,360,KAWAI-S
K-NET,HKD035,2018/09/06 03:08:14,43.7704,142.9033,6.0,0.6,1.8,140,SOUNKYO
K-NET,HKD149,2018/09/06 03:08:14,42.7905,140.2305,5.9,0.9,2.0,146,SUTTSU
K-NET,HKD027,2018/09/06 03:08:31,44.4806,142.3428,5.9,1.7,2.3,201,BIFUKA
K-NET,HKD053,2018/09/06 03:08:21,43.7849,143.6072,5.9,0.6,1.6,178,RUBESHIBE
K-NET,MYG001,2018/09/06 03:08:54,38.9017,141.5709,5.8,0.2,1.4,423,KESENNUMA
K-NET,HKD163,2018/09/06 03:08:27,41.4338,140.1117,5.7,0.5,1.6,210,MATSUMAE
K-NET,AOM018,2018/09/06 03:08:35,40.7776,140.2060,5.7,0.8,2.1,260,AJIGASAWA
KiK-net,IWTH15,2018/09/06 03:08:41,39.6148,141.0929,5.6,0.5,1.8,350,YAHABA
K-NET,HKD172,2018/09/06 03:08:28,42.2402,139.5519,5.6,0.5,1.7,207,INAHO
K-NET,HKD060,2018/09/06 03:08:55,43.9136,144.6657,5.6,1.4,2.1,255,SHARI
K-NET,HKD029,2018/09/06 03:08:25,44.3114,142.6421,5.5,1.2,2.3,187,SHIMOKAWA
K-NET,HKD081,2018/09/06 03:08:31,43.6427,144.3901,5.5,1.0,2.0,220,KAWAYU
K-NET,HKD015,2018/09/06 03:08:56,44.8846,141.7503,5.5,1.7,2.2,245,TESHIO
K-NET,HKD031,2018/09/06 03:08:22,44.1185,142.5952,5.5,0.8,1.9,166,ASAHI
KiK-net,ABSH05,2018/09/06 03:08:20,44.1146,143.0111,5.4,0.6,1.8,178,TAKINOUE-S
K-NET,HKD003,2018/09/06 03:08:48,45.1033,141.7665,5.4,1.6,2.1,269,TOYOTOMI
KiK-net,IWTH16,2018/09/06 03:08:42,39.6436,140.9465,5.2,0.5,1.7,350,SHIZUKUISHI
K-NET,HKD073,2018/09/06 03:08:43,43.3327,145.6003,5.2,0.2,1.2,301,NEMURO
K-NET,IWT009,2018/09/06 03:09:05,39.0190,141.4053,5.1,0.2,0.9,411,DAITO
K-NET,HKD016,2018/09/06 03:08:38,44.7199,141.7950,5.1,2.0,2.2,226,EMBETSU
KiK-net,IWTH22,2018/09/06 03:08:49,39.3340,141.3015,5.0,0.2,1.2,378,TOWA
K-NET,AOM015,2018/09/06 03:08:37,40.4738,140.6306,5.0,0.5,1.8,272,IKARIGASEKI
K-NET,AOM029,2018/09/06 03:08:39,40.5764,140.2968,5.0,0.7,1.8,275,NISHIMEYA
KiK-net,IWTH17,2018/09/06 03:08:39,39.6442,141.5977,5.0,0.2,1.2,340,KAWAI-N
KiK-net,IWTH10,2018/09/06 03:08:34,40.1391,140.9529,5.0,0.3,1.3,297,ASHIRO
KiK-net,IWTH13,2018/09/06 03:08:34,39.9398,141.5492,4.9,0.3,1.4,308,KUZUMAKI
KiK-net,IWTH05,2018/09/06 03:08:58,38.8654,141.3512,4.8,0.2,1.1,429,FUJISAWA
KiK-net,NMRH01,2018/09/06 03:08:34,43.7850,145.0246,4.8,0.7,1.7,273,SHIBETSU-N
K-NET,MYG006,2018/09/06 03:09:15,38.5801,140.9654,4.7,0.7,1.9,465,FURUKAWA
K-NET,MYG004,2018/09/06 03:09:23,38.7324,141.0270,4.7,0.6,1.7,448,TSUKIDATE
K-NET,HKD055,2018/09/06 03:08:35,43.8244,144.1087,4.6,1.0,2.1,212,BIHORO
KiK-net,AKTH09,2018/09/06 03:08:34,40.2755,140.4596,4.6,0.5,1.7,298,TASHIRO
K-NET,HKD052,2018/09/06 03:08:37,44.1204,144.0712,4.4,0.8,2.0,230,TOKORO
K-NET,HKD062,2018/09/06 03:08:21,43.6746,143.3088,4.4,0.6,1.5,152,FUJIMI
KiK-net,SOYH06,2018/09/06 03:08:35,45.1019,141.7834,4.3,1.2,1.9,269,TOYOTOMI
KiK-net,IWTH19,2018/09/06 03:08:46,39.4559,141.0001,4.3,0.4,1.4,369,HANAMAKI-N
K-NET,IWT011,2018/09/06 03:09:29,39.1453,141.1527,4.3,0.6,1.8,401,MIZUSAWA
K-NET,MYG015,2018/09/06 03:09:08,38.1037,140.8708,4.2,0.5,1.7,519,IWANUMA
K-NET,HKD017,2018/09/06 03:08:30,44.5323,141.7664,4.2,1.0,1.9,206,SHOSAMBETSU
KiK-net,AKTH04,2018/09/06 03:08:50,39.1740,140.7129,4.2,0.2,1.2,406,HIGASHINARUSE
KiK-net,IWTH26,2018/09/06 03:08:56,38.9690,141.0013,4.2,0.3,1.3,422,ICHINOSEKI-E
KiK-net,SOYH09,2018/09/06 03:08:27,44.8570,142.4868,4.2,0.7,1.8,244,UTANOBORI-N
KiK-net,AKTH08,2018/09/06 03:08:37,40.3188,140.2341,4.2,0.6,1.4,302,FUJISATO
K-NET,HKD042,2018/09/06 03:08:34,44.5449,142.5692,4.0,0.6,1.7,211,NIUPU
KiK-net,AOMH07,2018/09/06 03:08:31,40.7451,140.0233,4.0,0.5,1.6,272,FUKAURA
K-NET,MYG003,2018/09/06 03:09:36,38.7349,141.3116,4.0,0.2,0.8,444,TOWA
K-NET,HKD047,2018/09/06 03:08:37,44.3557,143.3538,4.0,1.2,2.0,215,MOMBETSU
KiK-net,AKTH07,2018/09/06 03:08:33,40.4563,140.8395,4.0,0.4,1.4,267,KOSAKA
KiK-net,AOMH15,2018/09/06 03:08:29,40.4841,140.5565,3.9,0.3,1.4,273,OWANI
K-NET,AKT005,2018/09/06 03:09:22,40.2020,140.0286,3.9,0.8,1.7,322,NOSHIRO
KiK-net,IWTH23,2018/09/06 03:08:48,39.2741,141.8233,3.9,0.2,0.9,380,KAMAISHI
KiK-net,AKTH13,2018/09/06 03:08:40,39.9819,140.4072,3.8,0.2,0.8,329,ANI
K-NET,MYG008,2018/09/06 03:09:42,38.5676,141.4267,3.8,0.2,0.9,461,KITAKAMI
K-NET,IWT019,2018/09/06 03:09:09,39.8030,141.6584,3.7,0.2,1.1,322,IWAIZUMI
KiK-net,KKWH01,2018/09/06 03:08:34,44.5973,142.3036,3.6,1.0,1.9,213,BIFUKA-N
K-NET,HKD063,2018/09/06 03:09:08,44.1060,145.2478,3.6,0.4,1.4,305,AIDOMARI
KiK-net,KKWH10,2018/09/06 03:08:24,44.6617,142.0528,3.5,1.1,1.8,219,NAKAGAWA
K-NET,FKS006,2018/09/06 03:10:17,37.5022,140.7593,3.5,0.1,1.0,587,KATSURAO
K-NET,AKT003,2018/09/06 03:08:50,40.2784,140.2631,3.5,0.8,1.7,305,FUJISATO
K-NET,MYG017,2018/09/06 03:10:00,37.9760,140.7822,3.5,0.5,1.7,534,KAKUDA
K-NET,AOM017,2018/09/06 03:08:49,40.6388,139.9295,3.4,0.3,1.5,286,FUKAURA
K-NET,AKT002,2018/09/06 03:08:41,40.2676,140.5664,3.4,0.6,1.7,295,OHDATE
KiK-net,SOYH10,2018/09/06 03:08:26,44.7433,142.6039,3.4,0.7,1.8,233,UTANOBORI-S
KiK-net,KKWH02,2018/09/06 03:08:22,44.5509,142.5736,3.3,0.6,1.8,212,BIFUKA-E
K-NET,HKD006,2018/09/06 03:08:48,45.1267,142.3516,3.3,1.1,1.9,272,HAMATOMBETSU
KiK-net,RMIH01,2018/09/06 03:08:32,45.0167,142.0795,3.3,1.1,1.9,259,HORONOBE
K-NET,IWT025,2018/09/06 03:09:20,39.5169,140.8299,3.3,0.2,1.0,366,OHSHIDA
K-NET,HKD065,2018/09/06 03:08:43,43.7938,145.0565,3.2,0.7,1.6,276,KUMBETSU
K-NET,AKT001,2018/09/06 03:08:44,40.3280,140.7429,3.1,0.2,0.9,283,KOSAKA
K-NET,MYG005,2018/09/06 03:09:57,38.7989,140.6512,3.1,1.2,1.8,447,NARUKO
KiK-net,AKTH17,2018/09/06 03:08:46,39.5575,140.6116,3.1,0.4,1.4,367,NAKASEN
KiK-net,MYGH07,2018/09/06 03:09:06,38.1802,140.6405,3.0,0.4,1.4,515,KAWASAKI
KiK-net,IBRH11,2018/09/06 03:10:52,36.3701,140.1401,3.0,0.2,1.0,721,IWASE
K-NET,HKD064,2018/09/06 03:08:56,44.0202,145.1886,3.0,0.4,1.2,297,RAUSU
K-NET,HKD009,2018/09/06 03:08:37,44.8417,142.4811,3.0,0.8,1.8,242,UTANOBORI
K-NET,HKD025,2018/09/06 03:08:37,44.8116,142.0712,3.0,0.9,1.6,236,NAKAGAWA
K-NET,IWT008,2018/09/06 03:09:28,39.0815,141.7093,2.8,0.2,0.8,402,OHFUNATO
KiK-net,ABSH02,2018/09/06 03:08:21,44.4234,143.0264,2.8,0.9,1.6,210,OKOPPE-W
K-NET,HKD049,2018/09/06 03:08:31,44.0921,143.5336,2.8,0.4,1.3,199,ENGARU
KiK-net,MYGH14,2018/09/06 03:09:12,38.3400,140.9551,2.8,0.3,1.3,492,RIFU
KiK-net,IWTH24,2018/09/06 03:08:49,39.1979,141.0118,2.7,0.6,1.4,397,KANEGASAKI
K-NET,HKD061,2018/09/06 03:08:42,44.0699,144.9973,2.7,0.3,1.1,286,UTORO
KiK-net,KKWH03,2018/09/06 03:08:21,44.4732,142.2725,2.7,0.7,1.6,199,BIFUKA-W
KiK-net,ABSH10,2018/09/06 03:09:07,44.0813,143.9455,2.6,0.4,1.3,220,SAROMA
K-NET,HKD026,2018/09/06 03:08:42,44.7283,142.2633,2.6,0.7,1.5,228,OTOINEPPU
K-NET,IBR005,2018/09/06 03:10:42,36.3851,140.2373,2.6,0.1,0.8,717,KASAMA
K-NET,IWT010,2018/09/06 03:09:36,38.9346,141.1264,2.6,0.3,1.3,424,ICHINOSEKI
KiK-net,FKSH20,2018/09/06 03:09:13,37.4911,140.9871,2.6,0.4,1.4,585,NAMIE
KiK-net,KKWH06,2018/09/06 03:08:21,44.3207,142.7656,2.6,0.4,1.2,191,SHIMOKAWA-E
K-NET,FKS013,2018/09/06 03:10:26,37.0893,140.5546,2.6,0.1,0.7,635,FURUDONO
K-NET,HKD043,2018/09/06 03:08:44,44.5820,142.9644,2.5,0.7,1.5,224,OMU
K-NET,HKD014,2018/09/06 03:09:26,45.2525,141.8531,2.5,1.0,1.7,285,NUMAKAWA
KiK-net,MYGH04,2018/09/06 03:08:57,38.7860,141.3254,2.5,0.1,0.5,438,TOWA
K-NET,TCG014,2018/09/06 03:10:45,36.5428,140.1804,2.5,0.1,0.6,701,MOTEGI
K-NET,FKS001,2018/09/06 03:10:07,37.7946,140.9192,2.4,0.3,1.2,552,SOMA
KiK-net,FKSH19,2018/09/06 03:10:14,37.4703,140.7227,2.4,0.1,0.9,591,MIYAKOJI
KiK-net,MYGH11,2018/09/06 03:09:02,38.5158,141.3421,2.4,0.2,0.7,468,KAHOKU
K-NET,HKD051,2018/09/06 03:08:34,44.0187,143.7747,2.3,0.5,1.1,206,SAROMA
KiK-net,IBRH07,2018/09/06 03:10:49,35.9521,140.3301,2.3,0.5,1.7,763,EDOSAKI
KiK-net,MYGH10,2018/09/06 03:09:11,37.9411,140.8924,2.3,0.4,1.3,536,YAMAMOTO
KiK-net,ABSH03,2018/09/06 03:08:25,44.3843,143.2407,2.2,0.6,1.4,213,OKOPPE-E
KiK-net,ABSH01,2018/09/06 03:08:26,44.5276,142.8444,2.2,0.7,1.4,215,OMU
KiK-net,SOYH08,2018/09/06 03:08:29,44.9387,142.2247,2.2,0.7,1.4,251,NAKATOMBETSU
K-NET,IWT015,2018/09/06 03:09:37,39.3183,140.7794,2.1,0.2,1.1,389,KAWAJIRI
K-NET,MYG013,2018/09/06 03:09:52,38.2661,140.9286,2.1,0.3,1.1,500,SENDAI
K-NET,MYG018,2018/09/06 03:09:42,38.7194,141.5228,2.1,0.1,0.5,443,ISATOMAE
KiK-net,IBRH16,2018/09/06 03:10:36,36.6405,140.3976,2.1,0.1,0.3,687,YAMAGATA
KiK-net,FKSH12,2018/09/06 03:10:22,37.2169,140.5703,2.1,0.1,0.6,621,HIRATA
K-NET,FKS005,2018/09/06 03:10:15,37.6389,140.9853,2.0,0.4,1.2,568,HARAMACHI
K-NET,AKT011,2018/09/06 03:09:04,39.8133,140.5805,2.0,0.2,1.0,341,MIYATA
KiK-net,IBRH13,2018/09/06 03:09:24,36.7955,140.5750,2.0,0.1,0.6,667,TAKAHAGI
KiK-net,MYGH03,2018/09/06 03:08:51,38.9207,141.6377,2.0,0.2,0.7,420,KARAKUWA
K-NET,HKD045,2018/09/06 03:08:43,44.3288,142.9453,2.0,0.6,1.3,197,NISHIOKOPPE
KiK-net,YMTH02,2018/09/06 03:09:03,38.2693,140.2583,2.0,0.6,1.3,513,YAMAGATA
KiK-net,AKTH19,2018/09/06 03:08:50,39.1913,140.4710,2.0,0.3,1.0,410,YUZAWA
KiK-net,IBRH06,2018/09/06 03:09:22,36.8809,140.6545,2.0,0.1,0.3,656,KITAIBARAKI2
K-NET,FKS010,2018/09/06 03:10:21,37.2338,141.0018,1.9,0.3,0.9,613,HIRONO
K-NET,HKD007,2018/09/06 03:09:16,44.9702,142.2900,1.9,0.6,1.3,255,NAKATOMBETSU
K-NET,IBR001,2018/09/06 03:10:33,36.7763,140.3582,1.9,0.1,0.6,672,DAIGO
K-NET,HKD046,2018/09/06 03:08:46,44.1920,143.0767,1.9,0.4,1.1,188,TAKINOUE
KiK-net,ABSH04,2018/09/06 03:08:46,44.1920,143.0767,1.9,0.3,1.1,188,TAKINOUE-N
K-NET,IBR003,2018/09/06 03:09:31,36.5914,140.6453,1.9,0.0,0.1,688,HITACHI
K-NET,HKD050,2018/09/06 03:08:28,43.8785,143.1747,1.9,0.5,1.3,162,SHIRATAKI
KiK-net,IWTH28,2018/09/06 03:09:00,39.0094,140.8640,1.9,0.2,0.8,420,ICHINOSEKI-W2
K-NET,FKS017,2018/09/06 03:10:31,37.2844,140.3689,1.8,0.2,0.9,617,SUKAGAWA
K-NET,YMT001,2018/09/06 03:10:13,38.9142,139.8123,1.8,0.9,1.3,459,SAKATA
K-NET,HKD008,2018/09/06 03:08:33,44.9375,142.5744,1.7,0.5,1.2,254,ESASHI
KiK-net,AKTH12,2018/09/06 03:09:27,39.9155,140.2221,1.7,0.2,0.9,343,GOJOME
KiK-net,TCGH16,2018/09/06 03:09:38,36.5480,140.0751,1.7,0.2,0.6,703,HAGA
KiK-net,AKTH16,2018/09/06 03:08:46,39.5450,140.3481,1.7,0.5,1.1,376,NISHISEMBOKU
K-NET,FKS024,2018/09/06 03:10:42,37.3963,140.1326,1.6,0.2,0.9,610,NAKANO
KiK-net,MYGH06,2018/09/06 03:08:59,38.5907,141.0710,1.6,0.2,0.9,463,TAJIRI
KiK-net,FKSH18,2018/09/06 03:09:29,37.4894,140.5380,1.5,0.1,0.5,592,MIHARU
KiK-net,IBRH17,2018/09/06 03:10:48,36.0864,140.3140,1.5,0.2,0.5,749,KASUMIGAURA
KiK-net,FKSH14,2018/09/06 03:10:24,37.0264,140.9702,1.5,0.2,0.7,636,IWAKI-E
K-NET,AKT010,2018/09/06 03:09:40,39.7223,140.0998,1.5,0.4,1.0,367,AKITA
KiK-net,IBRH18,2018/09/06 03:10:45,36.3631,140.6198,1.5,0.1,0.2,713,HITACHINAKA
K-NET,AKT023,2018/09/06 03:09:43,39.1464,140.7161,1.4,0.2,0.9,409,TSUBAKIDAI
KiK-net,IBRH12,2018/09/06 03:10:38,36.8369,140.3181,1.4,0.1,0.1,667,DAIGO
K-NET,AKT021,2018/09/06 03:09:24,39.9940,140.4035,1.4,0.2,0.7,328,ANI
KiK-net,AKTH02,2018/09/06 03:08:44,39.6634,140.5721,1.4,0.2,0.5,357,NISHIKI-S
K-NET,YMT011,2018/09/06 03:10:15,38.1484,140.2671,1.4,0.2,1.0,526,KAMINOYAMA
KiK-net,MYGH08,2018/09/06 03:09:05,38.1133,140.8441,1.4,0.2,0.9,518,IWANUMA
K-NET,YMT015,2018/09/06 03:10:38,37.9049,140.0990,1.3,0.3,1.0,556,YONEZAWA
K-NET,KNG201,2018/09/06 03:11:28,34.5956,139.9183,1.3,0.1,0.6,918,HIRATSUKA-ST1
KiK-net,FKSH17,2018/09/06 03:09:19,37.6636,140.5974,1.3,0.1,0.3,572,KAWAMATA
KiK-net,YMTH09,2018/09/06 03:09:06,38.7498,140.1780,1.3,0.2,0.4,464,TOZAWA
K-NET,FKS007,2018/09/06 03:10:38,37.4061,140.9632,1.3,0.3,0.9,594,OHKUMA
KiK-net,YMTH12,2018/09/06 03:08:58,38.6357,140.0055,1.2,0.3,1.0,481,TACHIKAWA
KiK-net,CHBH06,2018/09/06 03:09:40,35.7215,140.5046,1.2,0.1,0.2,786,SOSA
KiK-net,SOYH05,2018/09/06 03:08:42,45.4883,141.8850,1.2,0.5,0.9,311,WAKKANAI-N
KiK-net,IBRH15,2018/09/06 03:10:43,36.5566,140.3013,1.1,0.1,-0.1,697,GOZENYAMA
KiK-net,MYGH09,2018/09/06 03:09:07,38.0091,140.6027,1.1,0.3,0.9,534,SHIROISHI
KiK-net,SOYH01,2018/09/06 03:08:42,45.3346,142.1185,1.1,0.4,0.7,294,SARUFUTSU-N
KiK-net,YMTH08,2018/09/06 03:09:03,38.9701,140.0333,1.0,0.2,0.7,446,YAWATA
KiK-net,FKSH10,2018/09/06 03:09:42,37.1616,140.0930,1.0,0.1,0.0,636,NISHIGO
KiK-net,YMTH11,2018/09/06 03:09:03,38.7132,140.5544,1.0,0.2,0.7,459,MOGAMI
KiK-net,YMTH14,2018/09/06 03:09:05,38.3860,139.9916,1.0,0.2,0.8,508,NISHIKAWA-W
KiK-net,YMTH07,2018/09/06 03:09:20,37.8960,140.0278,0.9,0.2,0.5,559,YONEZAWA
KiK-net,YMTH15,2018/09/06 03:09:06,38.4257,140.1249,0.9,0.2,0.6,500,NISHIKAWA-E
KiK-net,FKSH09,2018/09/06 03:10:21,37.3530,140.4264,0.9,0.1,-0.4,608,KORIYAMA
KiK-net,AKTH06,2018/09/06 03:08:52,38.9801,140.4952,0.9,0.1,0.5,432,OGACHI
KiK-net,TCGH10,2018/09/06 03:09:25,36.8578,140.0225,0.8,0.2,0.2,670,OTAWARA
KiK-net,TCGH12,2018/09/06 03:09:48,36.6959,139.9842,0.8,0.2,0.4,689,UJIIE
KiK-net,SOYH07,2018/09/06 03:08:31,45.1001,142.4307,0.7,0.2,0.5,270,HAMATOMBETSU
KiK-net,NIGH02,2018/09/06 03:09:09,38.2799,139.5486,0.7,0.2,0.5,533,ASAHI
KiK-net,NIGH08,2018/09/06 03:09:36,37.6708,139.4648,0.7,0.2,0.4,598,TSUGAWA
KiK-net,IBRH14,2018/09/06 03:09:25,36.6922,140.5484,0.7,0.1,-0.4,678,JUO
KiK-net,TCGH06,2018/09/06 03:10:45,36.4458,139.9509,0.6,0.2,0.4,716,MOKA
KiK-net,NIGH05,2018/09/06 03:10:19,37.9759,139.2788,0.5,0.3,0.2,573,SEIRO
KiK-net,NIGH03,2018/09/06 03:09:17,38.1327,139.4289,0.5,0.2,0.2,552,ARAKAWA
KiK-net,CHBH10,2018/09/06 03:11:24,35.5458,140.2417,0.4,0.2,0.1,809,CHIBA
KiK-net,GNMH05,2018/09/06 03:11:13,36.3143,139.1847,0.4,0.2,0.0,749,ISESAKI
KiK-net,YMTH04,2018/09/06 03:09:12,38.0813,140.2978,0.4,0.1,-0.5,532,KAMINOYAMA
KiK-net,FKSH05,2018/09/06 03:10:45,37.2544,139.8725,0.3,0.1,-0.6,631,SHIMOGO
KiK-net,KNGH10,2018/09/06 03:13:02,35.4991,139.5195,0.3,0.1,-0.2,828,YOKOHAMA
KiK-net,IBRH19,2018/09/06 03:11:17,36.2137,140.0893,0.3,0.1,-0.7,739,TSUKUBA
KiK-net,NIGH11,2018/09/06 03:09:31,37.1728,138.7440,0.3,0.1,-0.5,673,KAWANISHI
KiK-net,TCGH09,2018/09/06 03:11:05,36.8625,139.8364,0.3,0.1,-0.6,674,YAITA
KiK-net,GNMH11,2018/09/06 03:11:36,36.2862,138.9210,0.2,0.1,-0.4,760,TOMIOKA
KiK-net,YMTH13,2018/09/06 03:09:09,38.4704,139.7606,0.2,0.1,-0.5,506,ASAHI
KiK-net,KNGH20,2018/09/06 03:12:02,35.3663,139.1260,0.2,0.1,-0.6,851,MATSUDA
KiK-net,KNGH23,2018/09/06 03:11:58,35.2624,139.6110,0.2,0.1,-0.6,851,HAYAMA
KiK-net,SZOH54,2018/09/06 03:12:24,35.0417,139.1685,0.2,0.1,-0.6,885,HATSUSHIMA2
