region,model,n_blocks_per_side,mean_test_train_adjacency_fraction,mean_test_train_distance_m,auc,f1,n_folds_with_zero_positives
noto,logistic_regression,3,0.0835408127864262,6542.950008223271,0.9152827878618558,0.6482084690553745,0
noto,random_forest,3,0.0835408127864262,6542.950008223271,0.923753824326138,0.6783625730994152,0
noto,gcn,3,0.0835408127864262,6542.950008223271,0.8493263434101074,0.6104928457869634,0
noto,logistic_regression,5,0.1761771408922124,3237.593112600992,0.9191413514764568,0.6724587315377932,0
noto,random_forest,5,0.1761771408922124,3237.593112600992,0.9411906287918004,0.7145214521452146,0
noto,gcn,5,0.1761771408922124,3237.593112600992,0.9361210856292984,0.6800618238021638,0
noto,logistic_regression,8,0.2635479028935277,2244.230744062424,0.9472352552883204,0.7183333333333334,0
noto,random_forest,8,0.2635479028935277,2244.230744062424,0.950082786218457,0.7275747508305648,0
noto,gcn,8,0.2635479028935277,2244.230744062424,0.948964932606951,0.7137809187279152,0
noto,logistic_regression,12,0.3705489314606655,1683.191256917084,0.9485102589174932,0.7267996530789246,0
noto,random_forest,12,0.3705489314606655,1683.191256917084,0.9520295291388317,0.7342192691029901,0
noto,gcn,12,0.3705489314606655,1683.191256917084,0.9520914989715062,0.7335140018066847,0
noto,logistic_regression,16,0.4666597794801345,1410.7731940210915,0.9513841527046236,0.7358326068003488,0
noto,random_forest,16,0.4666597794801345,1410.7731940210915,0.9542248361394368,0.7429492344883158,0
noto,gcn,16,0.4666597794801345,1410.7731940210915,0.9578160050616686,0.7530762920426579,0
noto,logistic_regression,20,0.5876739139079444,1198.490520520399,0.9488471556873926,0.7419354838709677,0
noto,random_forest,20,0.5876739139079444,1198.490520520399,0.957041210965853,0.747588424437299,0
noto,gcn,20,0.5876739139079444,1198.490520520399,0.9555713960947364,0.7462932454695222,0
noto,logistic_regression,25,0.7017532170732587,1058.313661571667,0.9526838073169596,0.7425249169435216,0
noto,random_forest,25,0.7017532170732587,1058.313661571667,0.9597151578895472,0.7570422535211268,0
noto,gcn,25,0.7017532170732587,1058.313661571667,0.9614102553567956,0.7506132461161079,0
